id,title,selftext,author,score,url,topic
What-is-the-probability-of-Malaysia-starting-to-produce-biodiesel-with-a-mix-of-15-palm-oil-called-B15-in-June,"What is the probability of Malaysia starting to produce biodiesel with a mix of 15% palm oil, called B15, in June?",Bob Stockdale,QuoraUser,0,https://www.quora.com/What-is-the-probability-of-Malaysia-starting-to-produce-biodiesel-with-a-mix-of-15-palm-oil-called-B15-in-June,Malaysia
How-will-the-mass-resignations-of-Malaysian-football-officials-affect-the-2025-2029-term,How will the mass resignations of Malaysian football officials affect the 2025–2029 term?,Francois Le Roy,QuoraUser,0,https://www.quora.com/How-will-the-mass-resignations-of-Malaysian-football-officials-affect-the-2025-2029-term,Malaysia
What-will-happen-in-Sabah-Malaysia-if-Anwar-Ibrahim-fails-to-get-a-fresh-mandate-in-2027,"What will happen in Sabah, Malaysia, if Anwar Ibrahim fails to get a fresh mandate in 2027?",Chooi Tan,QuoraUser,0,https://www.quora.com/What-will-happen-in-Sabah-Malaysia-if-Anwar-Ibrahim-fails-to-get-a-fresh-mandate-in-2027,Malaysia
Why-did-White-House-officials-deny-that-Jho-Low-the-fugitive-Malaysian-financier-has-filed-a-request-for-a-pardon-with-the-US-president,"Why did White House officials deny that Jho Low, the fugitive Malaysian financier, has filed a request for a pardon with the US president?",Patrick McCarthy,QuoraUser,0,https://www.quora.com/Why-did-White-House-officials-deny-that-Jho-Low-the-fugitive-Malaysian-financier-has-filed-a-request-for-a-pardon-with-the-US-president,Malaysia
Does-1xBet-have-esports-betting-options-in-Malaysia,Does 1xBet have esports betting options in Malaysia?,Jason Lee,QuoraUser,0,https://www.quora.com/Does-1xBet-have-esports-betting-options-in-Malaysia,Malaysia
What-should-Prime-Minister-Anwar-Ibrahim-in-Malaysia-take-into-consideration-when-selecting-new-cabinet-ministers,What should Prime Minister Anwar Ibrahim in Malaysia take into consideration when selecting new cabinet ministers?,Alan Dawson,QuoraUser,0,https://www.quora.com/What-should-Prime-Minister-Anwar-Ibrahim-in-Malaysia-take-into-consideration-when-selecting-new-cabinet-ministers,Malaysia
Did-Australia-participate-in-the-Japanese-invasion-of-Malaya,Did Australia participate in the Japanese invasion of Malaya?,Peter Jesser,QuoraUser,0,https://www.quora.com/Did-Australia-participate-in-the-Japanese-invasion-of-Malaya,Malaysia
Do-you-agree-with-Mahathir-when-he-says-that-I-have-failed-to-unite-the-Malays-Therefore-this-beloved-country-of-Malaysia-will-slip-away-from-the-grasp-of-the-Malays-and-the-history-of-the-Malays-will-come-to-an-end,"Do you agree with Mahathir when he says that “I have failed [to unite the Malays] … Therefore, this beloved country [of Malaysia] will slip away from the grasp of the Malays, and the history of the Malays will come to an end”?",Vin Sen Chin,QuoraUser,0,https://www.quora.com/Do-you-agree-with-Mahathir-when-he-says-that-I-have-failed-to-unite-the-Malays-Therefore-this-beloved-country-of-Malaysia-will-slip-away-from-the-grasp-of-the-Malays-and-the-history-of-the-Malays-will-come-to-an-end,Malaysia
Why-does-Malaysia-get-bad-haze-every-year,Why does Malaysia get bad haze every year?,Thafsir Rahman,QuoraUser,0,https://www.quora.com/Why-does-Malaysia-get-bad-haze-every-year,Malaysia
What-is-the-annual-salary-and-net-worth-of-the-Malaysian-Prime-Minister,What is the annual salary and net worth of the Malaysian Prime Minister?,Peter Culhane,QuoraUser,0,https://www.quora.com/What-is-the-annual-salary-and-net-worth-of-the-Malaysian-Prime-Minister,Malaysia
Why-does-the-Malaysian-government-persist-in-trying-to-boost-the-number-of-university-graduates-given-that-the-salaries-of-graduates-are-so-low-anyway-Won-t-increasing-the-supply-of-graduates-just-cause-the-salaries,Why does the Malaysian government persist in trying to boost the number of university graduates given that the salaries of graduates are so low anyway? Won’t increasing the supply of graduates just cause the salaries to decline even further?,Zahari Awang,QuoraUser,0,https://www.quora.com/Why-does-the-Malaysian-government-persist-in-trying-to-boost-the-number-of-university-graduates-given-that-the-salaries-of-graduates-are-so-low-anyway-Won-t-increasing-the-supply-of-graduates-just-cause-the-salaries,Malaysia
Which-company-provide-ai-based-call-service-in-Malaysia-What-is-the-cost,Which company provide ai based call service in Malaysia? What is the cost?,Burtis Dockery,QuoraUser,0,https://www.quora.com/Which-company-provide-ai-based-call-service-in-Malaysia-What-is-the-cost,Malaysia
My-parents-are-forcing-me-to-move-to-Malaysia-What-should-I-do,My parents are forcing me to move to Malaysia. What should I do?,Khengchat Ng,QuoraUser,0,https://www.quora.com/My-parents-are-forcing-me-to-move-to-Malaysia-What-should-I-do,Malaysia
Why-is-the-Chinese-coast-guard-still-harassing-Malaysian-fishermen-even-though-Malaysia-respects-China-s-territory-and-increased-partnership,Why is the Chinese coast guard still harassing Malaysian fishermen even though Malaysia respects China’s territory and increased partnership?,Yew Yowboo,QuoraUser,0,https://www.quora.com/Why-is-the-Chinese-coast-guard-still-harassing-Malaysian-fishermen-even-though-Malaysia-respects-China-s-territory-and-increased-partnership,Malaysia
Why-is-the-Rukunegara-Malaysias-national-ideology-pledge-not-being-reiterate-or-emphasized-unlike-those-days-by-both-sides-of-the-political-divide,"Why is the Rukunegara (Malaysia's national ideology & pledge) not being reiterate or emphasized, unlike those days by both sides of the political divide?",Hoi Tin Keong,QuoraUser,0,https://www.quora.com/Why-is-the-Rukunegara-Malaysias-national-ideology-pledge-not-being-reiterate-or-emphasized-unlike-those-days-by-both-sides-of-the-political-divide,Malaysia
What-role-does-daily-practice-play-in-achieving-fluency-in-Bahasa-Melayu-for-Chinese-Malaysians-and-what-are-practical-ways-to-incorporate-it-into-their-lives,"What role does daily practice play in achieving fluency in Bahasa Melayu for Chinese Malaysians, and what are practical ways to incorporate it into their lives?",Zaid Mohamad,QuoraUser,0,https://www.quora.com/What-role-does-daily-practice-play-in-achieving-fluency-in-Bahasa-Melayu-for-Chinese-Malaysians-and-what-are-practical-ways-to-incorporate-it-into-their-lives,Malaysia
Anwars-unity-government-failed-to-pass-key-reforms-despite-having-a-two-thirds-majority-What-does-this-say-about-his-commitment-to-change-in-Malaysia,Anwar's unity government failed to pass key reforms despite having a two-thirds majority. What does this say about his commitment to change in Malaysia?,Su Pandian,QuoraUser,0,https://www.quora.com/Anwars-unity-government-failed-to-pass-key-reforms-despite-having-a-two-thirds-majority-What-does-this-say-about-his-commitment-to-change-in-Malaysia,Malaysia
What-are-your-thoughts-on-Malaysias-heroes-involved-in-the-Gaza-aid-mission-being-detained-by-Israel,"What are your thoughts on Malaysia's ""heroes"" involved in the Gaza aid mission being detained by Israel?",Ajay TO,QuoraUser,0,https://www.quora.com/What-are-your-thoughts-on-Malaysias-heroes-involved-in-the-Gaza-aid-mission-being-detained-by-Israel,Malaysia
How-would-Singapore-benefit-from-rejoining-Malaysia,How would Singapore benefit from rejoining Malaysia?,Elis Barendse,QuoraUser,0,https://www.quora.com/How-would-Singapore-benefit-from-rejoining-Malaysia,Malaysia
Do-most-law-firms-in-Kuala-Lumpur-still-require-interns-to-work-in-the-office-every-day,Do most law firms in Kuala Lumpur still require interns to work in the office every day?,John Weatherspoon26,QuoraUser,0,https://www.quora.com/Do-most-law-firms-in-Kuala-Lumpur-still-require-interns-to-work-in-the-office-every-day,Malaysia
Are-there-any-Malaysians-currently-banned-from-Singapore-How-often-does-a-Malaysian-get-deported-from-Singapore,Are there any Malaysians currently banned from Singapore? How often does a Malaysian get deported from Singapore?,Joely D,QuoraUser,0,https://www.quora.com/Are-there-any-Malaysians-currently-banned-from-Singapore-How-often-does-a-Malaysian-get-deported-from-Singapore,Malaysia
How-does-the-ability-to-speak-multiple-languages-benefit-Malaysian-Chinese-people-outside-of-Malaysia,How does the ability to speak multiple languages benefit Malaysian Chinese people outside of Malaysia?,Jason Phang,QuoraUser,0,https://www.quora.com/How-does-the-ability-to-speak-multiple-languages-benefit-Malaysian-Chinese-people-outside-of-Malaysia,Malaysia
What-does-the-resignation-of-Malaysian-natural-resources-and-environment-minister-Nik-Nazmi-Nik-Ahmad-indicate-about-the-internal-state-of-affairs-within-Anwar-Ibrahims-ruling-party,What does the resignation of Malaysian natural resources and environment minister Nik Nazmi Nik Ahmad indicate about the internal state of affairs within Anwar Ibrahim's ruling party?,Skip Shekhani,QuoraUser,0,https://www.quora.com/What-does-the-resignation-of-Malaysian-natural-resources-and-environment-minister-Nik-Nazmi-Nik-Ahmad-indicate-about-the-internal-state-of-affairs-within-Anwar-Ibrahims-ruling-party,Malaysia
How-are-Lloyds-List-Intelligence-able-to-know-if-at-least-five-Iran-linked-tankers-heading-to-Malaysia-have-changed-course-to-avoid-the-US-navy,How are Lloyd's List Intelligence able to know if at least five Iran-linked tankers heading to Malaysia have changed course to avoid the US navy?,TVPiles,QuoraUser,0,https://www.quora.com/How-are-Lloyds-List-Intelligence-able-to-know-if-at-least-five-Iran-linked-tankers-heading-to-Malaysia-have-changed-course-to-avoid-the-US-navy,Malaysia
Whats-a-lesser-known-spot-in-Malaysia-that-truly-captures-its-spirit,What's a lesser-known spot in Malaysia that truly captures its spirit?,David Barry,QuoraUser,0,https://www.quora.com/Whats-a-lesser-known-spot-in-Malaysia-that-truly-captures-its-spirit,Malaysia
What-do-you-think-will-happen-after-Malaysias-preschoolers-grow-up-and-become-adults-with-knowledge-about-the-perils-of-corruption,What do you think will happen after Malaysia's preschoolers grow up and become adults with knowledge about the perils of corruption?,ScottLoar,QuoraUser,0,https://www.quora.com/What-do-you-think-will-happen-after-Malaysias-preschoolers-grow-up-and-become-adults-with-knowledge-about-the-perils-of-corruption,Malaysia
Should-Malaysia-extend-the-ban-on-non-halal-food-to-include-beef-to-respect-the-countrys-Buddhist-and-Hindu-communities,Should Malaysia extend the ban on non-halal food to include beef to respect the country's Buddhist and Hindu communities?,Hasitha Liyanage,QuoraUser,0,https://www.quora.com/Should-Malaysia-extend-the-ban-on-non-halal-food-to-include-beef-to-respect-the-countrys-Buddhist-and-Hindu-communities,Malaysia
How-can-we-help-the-hundreds-of-people-who-have-been-displaced-after-a-fire-destroyed-about-200-homes-in-Sandakan-Malaysia,"How can we help the hundreds of people who have been displaced after a fire destroyed about 200 homes in Sandakan, Malaysia?",May Allen,QuoraUser,0,https://www.quora.com/How-can-we-help-the-hundreds-of-people-who-have-been-displaced-after-a-fire-destroyed-about-200-homes-in-Sandakan-Malaysia,Malaysia
Will-Malaysia-s-potential-future-new-main-king-come-from-Borneo-Island,Will Malaysia’s potential future new main king come from Borneo Island?,Jeric Ilagan,QuoraUser,0,https://www.quora.com/Will-Malaysia-s-potential-future-new-main-king-come-from-Borneo-Island,Malaysia
I-came-into-Malaysia-with-a-visit-visa-and-I-have-been-here-almost-3-years-My-passport-will-expire-in-2027-If-I-want-to-stay-and-work-in-Malaysia-what-kind-of-things-should-I-do,"I came into Malaysia with a visit visa and I have been here almost 3 years. My passport will expire in 2027. If I want to stay and work in Malaysia, what kind of things should I do ?",Goon HT,QuoraUser,0,https://www.quora.com/I-came-into-Malaysia-with-a-visit-visa-and-I-have-been-here-almost-3-years-My-passport-will-expire-in-2027-If-I-want-to-stay-and-work-in-Malaysia-what-kind-of-things-should-I-do,Malaysia
Should-Zamaeras-Made-in-Malaysia-showcase-be-supported-by-the-Malaysian-government,"Should Zamaera's ""Made in Malaysia"" showcase be supported by the Malaysian government?",John Weatherspoon26,QuoraUser,0,https://www.quora.com/Should-Zamaeras-Made-in-Malaysia-showcase-be-supported-by-the-Malaysian-government,Malaysia
,What are the important matters in your life ?,Delores Hart from Hollywood film actress to Benedictine sister.,QuoraUser,0,https://letuswalktogether.quora.com/,Malaysia
Can-Malaysia-deport-Bangladeshi-migrants,Can Malaysia deport Bangladeshi migrants?,LJP,QuoraUser,0,https://www.quora.com/Can-Malaysia-deport-Bangladeshi-migrants,Malaysia
What-factors-contribute-to-the-brain-drain-from-Malaysia-to-Singapore-and-how-does-it-affect-both-countries-economies,"What factors contribute to the brain drain from Malaysia to Singapore, and how does it affect both countries' economies?",Rhizbi Mount,QuoraUser,0,https://www.quora.com/What-factors-contribute-to-the-brain-drain-from-Malaysia-to-Singapore-and-how-does-it-affect-both-countries-economies,Malaysia
If-Malays-in-Malaysia-claimed-that-they-originated-from-Malaysia-why-don-t-they-call-themselves-Orang-Asli-natives-instead-of-Bumiputra-son-of-the-soil-What-s-the-difference-between-Orang-Asli-and-Bumiputra,"If Malays in Malaysia claimed that they originated from Malaysia, why don’t they call themselves Orang Asli (natives) instead of Bumiputra (son of the soil)? What’s the difference between Orang Asli and Bumiputra?",Ezra,QuoraUser,0,https://www.quora.com/If-Malays-in-Malaysia-claimed-that-they-originated-from-Malaysia-why-don-t-they-call-themselves-Orang-Asli-natives-instead-of-Bumiputra-son-of-the-soil-What-s-the-difference-between-Orang-Asli-and-Bumiputra,Malaysia
How-has-political-stability-in-Malaysia-contributed-to-its-economic-growth-compared-to-the-political-situations-in-Indonesia-and-the-Philippines,How has political stability in Malaysia contributed to its economic growth compared to the political situations in Indonesia and the Philippines?,Ariana Jaskin,QuoraUser,0,https://www.quora.com/How-has-political-stability-in-Malaysia-contributed-to-its-economic-growth-compared-to-the-political-situations-in-Indonesia-and-the-Philippines,Malaysia
What-is-the-problem-with-Ketuanan-Melayu-Malay-supremacy-in-Malaysia,"What is the problem with ""Ketuanan Melayu"" (Malay supremacy) in Malaysia?",Richard Chak,QuoraUser,0,https://www.quora.com/What-is-the-problem-with-Ketuanan-Melayu-Malay-supremacy-in-Malaysia,Malaysia
How-does-the-Malaysian-economy-match-up-against-the-US-economy-in-terms-of-strength,How does the Malaysian economy match up against the US economy in terms of strength?,Preceptor,QuoraUser,0,https://www.quora.com/How-does-the-Malaysian-economy-match-up-against-the-US-economy-in-terms-of-strength,Malaysia
Why-are-low-income-earners-in-Kelantan-Malaysia-allowed-to-participate-in-gold-panning,"Why are low-income earners in Kelantan, Malaysia allowed to participate in gold panning?",Carol,QuoraUser,0,https://www.quora.com/Why-are-low-income-earners-in-Kelantan-Malaysia-allowed-to-participate-in-gold-panning,Malaysia
Why-has-Malaysias-northeast-state-of-Kelantan-long-governed-by-the-Islamist-opposition-party-Pan-Malaysian-Islamic-Party-accused-the-federal-government-of-neglecting-its-development,Why has Malaysia's northeast state of Kelantan long governed by the Islamist opposition party Pan-Malaysian Islamic Party accused the federal government of neglecting its development?,Pete Singh,QuoraUser,0,https://www.quora.com/Why-has-Malaysias-northeast-state-of-Kelantan-long-governed-by-the-Islamist-opposition-party-Pan-Malaysian-Islamic-Party-accused-the-federal-government-of-neglecting-its-development,Malaysia
Why-did-the-Malaysian-people-consider-the-Javanese-people-as-Malay-instead-of-Javanese,Why did the Malaysian people consider the Javanese people as Malay instead of Javanese?,S K,QuoraUser,0,https://www.quora.com/Why-did-the-Malaysian-people-consider-the-Javanese-people-as-Malay-instead-of-Javanese,Malaysia
,"When the question ‘what do you think of Trump’ is asked? The people here replied ‘Can’t stand him’ (especially the women), ‘Tak boleh tahan’ (Malay - can’t tolerate him), ‘Siau’ (Hokkien - Crazy guy) … What’s yours in your region?",The Future of Europe,QuoraUser,0,https://thefutureofeurope.quora.com/,Malaysia
Will-Malaysias-donation-to-Gaza-be-used-effectively-by-the-government-and-prevent-state-led-corruption,Will Malaysia's donation to Gaza be used effectively by the government and prevent state-led corruption?,Dave Stedman,QuoraUser,0,https://www.quora.com/Will-Malaysias-donation-to-Gaza-be-used-effectively-by-the-government-and-prevent-state-led-corruption,Malaysia
Happy-New-Year-2026-Love-Bella-from-Malaysia-How-was-your-first-week-of-the-year-went-so-far,"Happy New Year 2026! Love, Bella from Malaysia. How was your first week of the year went so far?",Tony Whiddon,QuoraUser,0,https://www.quora.com/Happy-New-Year-2026-Love-Bella-from-Malaysia-How-was-your-first-week-of-the-year-went-so-far,Malaysia
How-does-corruption-and-governance-in-Malaysia-and-Thailand-compare-and-what-impact-does-this-have-on-their-development,"How does corruption and governance in Malaysia and Thailand compare, and what impact does this have on their development?",James Goh,QuoraUser,0,https://www.quora.com/How-does-corruption-and-governance-in-Malaysia-and-Thailand-compare-and-what-impact-does-this-have-on-their-development,Malaysia
What-are-the-coolest-places-to-be-in-Malaysia-during-the-searing-heatwave,What are the coolest places to be in Malaysia during the searing heatwave?,Adri Wing,QuoraUser,0,https://www.quora.com/What-are-the-coolest-places-to-be-in-Malaysia-during-the-searing-heatwave,Malaysia
What-is-Malaysias-prime-minister-Anwar-Ibrahim-doing-to-address-the-street-protests-calling-for-his-resignation,What is Malaysia's prime minister Anwar Ibrahim doing to address the street protests calling for his resignation?,Croque Monsieur - Sunny Side Up,QuoraUser,0,https://www.quora.com/What-is-Malaysias-prime-minister-Anwar-Ibrahim-doing-to-address-the-street-protests-calling-for-his-resignation,Malaysia
What-are-some-positive-experiences-youve-had-with-the-Malay-community-in-Malaysia-and-what-lessons-can-be-learned-from-them,"What are some positive experiences you've had with the Malay community in Malaysia, and what lessons can be learned from them?",Rihaan Tove,QuoraUser,0,https://www.quora.com/What-are-some-positive-experiences-youve-had-with-the-Malay-community-in-Malaysia-and-what-lessons-can-be-learned-from-them,Malaysia
Why-might-Malaysian-Chinese-prefer-focusing-on-pragmatic-and-realistic-positions-rather-than-aligning-with-either-Western-or-Chinese-media-narratives,Why might Malaysian Chinese prefer focusing on pragmatic and realistic positions rather than aligning with either Western or Chinese media narratives?,Elizabeth Koenig,QuoraUser,0,https://www.quora.com/Why-might-Malaysian-Chinese-prefer-focusing-on-pragmatic-and-realistic-positions-rather-than-aligning-with-either-Western-or-Chinese-media-narratives,Malaysia
Do-you-think-the-absence-of-Marc-Marquez-will-help-or-hurt-his-rivals-in-the-next-two-rounds-of-the-MotoGP-season-in-Australia-and-Malaysia,Do you think the absence of Marc Marquez will help or hurt his rivals in the next two rounds of the MotoGP season in Australia and Malaysia?,Skipychic Lim,QuoraUser,0,https://www.quora.com/Do-you-think-the-absence-of-Marc-Marquez-will-help-or-hurt-his-rivals-in-the-next-two-rounds-of-the-MotoGP-season-in-Australia-and-Malaysia,Malaysia
Are-there-any-academic-studies-in-Malaysia-dedicated-to-Islamic-Mysticism,Are there any academic studies in Malaysia dedicated to Islamic Mysticism?,Liz Stapelberg,QuoraUser,0,https://www.quora.com/Are-there-any-academic-studies-in-Malaysia-dedicated-to-Islamic-Mysticism,Malaysia
What-are-the-reasons-for-some-Malaysians-opposing-the-entry-of-foreign-workers-into-the-country-despite-the-potential-benefits-to-the-economy-and-society,"What are the reasons for some Malaysians opposing the entry of foreign workers into the country, despite the potential benefits to the economy and society?",Earnest,QuoraUser,0,https://www.quora.com/What-are-the-reasons-for-some-Malaysians-opposing-the-entry-of-foreign-workers-into-the-country-despite-the-potential-benefits-to-the-economy-and-society,Malaysia
What-are-the-top-universities-for-medical-studies-in-Malaysia-Which-university-offers-the-most-affordable-tuition-fees,What are the top universities for medical studies in Malaysia? Which university offers the most affordable tuition fees?,Richard Yang,QuoraUser,0,https://www.quora.com/What-are-the-top-universities-for-medical-studies-in-Malaysia-Which-university-offers-the-most-affordable-tuition-fees,Malaysia
What-is-it-like-to-live-in-an-earthquake-prone-area-in-Malaysia,What is it like to live in an earthquake-prone area in Malaysia?,Ben Teoh,QuoraUser,0,https://www.quora.com/What-is-it-like-to-live-in-an-earthquake-prone-area-in-Malaysia,Malaysia
How-can-Malaysia-and-Indonesia-block-Elon-Musks-AI-chatbot-Grok,How can Malaysia and Indonesia block Elon Musk's AI chatbot Grok?,RemoteControlled,QuoraUser,0,https://www.quora.com/How-can-Malaysia-and-Indonesia-block-Elon-Musks-AI-chatbot-Grok,Malaysia
My-ex-BF-is-still-doing-money-laundering-in-Malaysia-Will-he-get-caught-in-Malaysia-His-last-known-location-is-at-Johor-Bahru-KTV,My ex-BF is still doing money laundering in Malaysia. Will he get caught in Malaysia? His last known location is at Johor Bahru KTV?,Elizabeth Compton,QuoraUser,0,https://www.quora.com/My-ex-BF-is-still-doing-money-laundering-in-Malaysia-Will-he-get-caught-in-Malaysia-His-last-known-location-is-at-Johor-Bahru-KTV,Malaysia
Why-do-only-people-in-Kuala-Lumpur-Malaysia-look-like-Chinese-the-rest-look-like-Indians,"Why do only people in Kuala Lumpur, Malaysia look like Chinese, the rest look like Indians?",P118Yap,QuoraUser,0,https://www.quora.com/Why-do-only-people-in-Kuala-Lumpur-Malaysia-look-like-Chinese-the-rest-look-like-Indians,Malaysia
What-are-the-negative-effects-of-cable-thefts-on-Malaysian-train-lines-due-to-the-soaring-price-of-copper,What are the negative effects of cable thefts on Malaysian train lines due to the soaring price of copper?,Michael -Dont Answer Anymore,QuoraUser,0,https://www.quora.com/What-are-the-negative-effects-of-cable-thefts-on-Malaysian-train-lines-due-to-the-soaring-price-of-copper,Malaysia
Is-there-any-evidence-linking-the-Qatar-royal-family-to-the-disappearance-of-MH370,Is there any evidence linking the Qatar royal family to the disappearance of MH370?,Jimmy Clary,QuoraUser,0,https://www.quora.com/Is-there-any-evidence-linking-the-Qatar-royal-family-to-the-disappearance-of-MH370,Malaysia
Has-Malaysia-ever-been-a-part-of-Thailand-in-history-If-so-during-which-period-did-this-occur,"Has Malaysia ever been a part of Thailand in history? If so, during which period did this occur?",Yap You Wai,QuoraUser,0,https://www.quora.com/Has-Malaysia-ever-been-a-part-of-Thailand-in-history-If-so-during-which-period-did-this-occur,Malaysia
How-effective-is-the-Pandai-App-compared-to-other-educational-apps-available-in-Malaysia-Is-it-really-worth-the-investment-for-parents,How effective is the Pandai App compared to other educational apps available in Malaysia? Is it really worth the investment for parents?,Seth Carlow,QuoraUser,0,https://www.quora.com/How-effective-is-the-Pandai-App-compared-to-other-educational-apps-available-in-Malaysia-Is-it-really-worth-the-investment-for-parents,Malaysia
US-poultry-exporters-to-Malaysia-How-do-you-address-local-concerns-about-the-quality-and-taste-of-US-produced-chicken,US poultry exporters to Malaysia: How do you address local concerns about the quality and taste of US-produced chicken?,Zahari Awang,QuoraUser,0,https://www.quora.com/US-poultry-exporters-to-Malaysia-How-do-you-address-local-concerns-about-the-quality-and-taste-of-US-produced-chicken,Malaysia
Two-teenage-boys-in-Malaysia-injured-by-vaping-What-should-be-done-to-prevent-e-cigarette-accidents-among-teens,Two teenage boys in Malaysia injured by vaping. What should be done to prevent e-cigarette accidents among teens?,Jorge Simões,QuoraUser,0,https://www.quora.com/Two-teenage-boys-in-Malaysia-injured-by-vaping-What-should-be-done-to-prevent-e-cigarette-accidents-among-teens,Malaysia
Is-Kuala-Lumpur-a-good-place-for-Westerners-to-live-after-retirement,Is Kuala Lumpur a good place for Westerners to live after retirement?,Adri Wing,QuoraUser,0,https://www.quora.com/Is-Kuala-Lumpur-a-good-place-for-Westerners-to-live-after-retirement,Malaysia
What-steps-can-be-taken-to-educate-people-in-both-Indonesia-and-Malaysia-about-their-intertwined-histories-to-reduce-accusations-of-cultural-theft,What steps can be taken to educate people in both Indonesia and Malaysia about their intertwined histories to reduce accusations of cultural theft?,Andrew Long,QuoraUser,0,https://www.quora.com/What-steps-can-be-taken-to-educate-people-in-both-Indonesia-and-Malaysia-about-their-intertwined-histories-to-reduce-accusations-of-cultural-theft,Malaysia
Are-malaysians-similiar-to-the-Chinese,Are malaysians similiar to the Chinese?,Tom Strome,QuoraUser,0,https://www.quora.com/Are-malaysians-similiar-to-the-Chinese,Malaysia
How-much-money-do-fuel-smugglers-in-Malaysia-make-on-average,How much money do fuel smugglers in Malaysia make on average?,Edh,QuoraUser,0,https://www.quora.com/How-much-money-do-fuel-smugglers-in-Malaysia-make-on-average,Malaysia
Should-the-University-of-Cyberjaya-in-Malaysia-enhance-its-campus-safety-measures-after-a-student-was-found-dead-in-her-dorm-room,Should the University of Cyberjaya in Malaysia enhance its campus safety measures after a student was found dead in her dorm room?,Jody Long,QuoraUser,0,https://www.quora.com/Should-the-University-of-Cyberjaya-in-Malaysia-enhance-its-campus-safety-measures-after-a-student-was-found-dead-in-her-dorm-room,Malaysia
How-do-you-transfer-your-employment-pass-to-a-new-employer-in-Malaysia,How do you transfer your employment pass to a new employer in Malaysia?,Seth Carlow,QuoraUser,0,https://www.quora.com/How-do-you-transfer-your-employment-pass-to-a-new-employer-in-Malaysia,Malaysia
How-do-I-play-4D-in-Malaysia-or-Singapore-as-a-beginner,How do I play 4D in Malaysia or Singapore as a beginner?,Khengchat Ng,QuoraUser,0,https://www.quora.com/How-do-I-play-4D-in-Malaysia-or-Singapore-as-a-beginner,Malaysia
How-is-Malaysia-balancing-environmental-concerns-with-the-massive-energy-requirements-of-AI-data-centers,How is Malaysia balancing environmental concerns with the massive energy requirements of AI data centers?,Peter Cohen,QuoraUser,0,https://www.quora.com/How-is-Malaysia-balancing-environmental-concerns-with-the-massive-energy-requirements-of-AI-data-centers,Malaysia
Ain-t-it-lucky-for-US-citizens-how-they-can-enter-Malaysia-without-a-visa-for-up-to-90-days-per-stay-by-using-the-smart-gates-but-Malay-citizens-need-a-visa-for-the-US-and-deal-with-a-human-immigration-officer,"Ain’t it lucky for US citizens how they can enter Malaysia without a visa for up to 90 days per stay by using the smart gates, but Malay citizens need a visa for the US and deal with a human immigration officer unless they hold a US passport as well?",Chris Lockwood,QuoraUser,0,https://www.quora.com/Ain-t-it-lucky-for-US-citizens-how-they-can-enter-Malaysia-without-a-visa-for-up-to-90-days-per-stay-by-using-the-smart-gates-but-Malay-citizens-need-a-visa-for-the-US-and-deal-with-a-human-immigration-officer,Malaysia
Why-are-critics-accusing-Malaysias-government-of-pushing-Prime-Minister-Anwar-Ibrahim-to-align-with-the-right-politically,Why are critics accusing Malaysia's government of pushing Prime Minister Anwar Ibrahim to align with the right politically?,Phillip Davies,QuoraUser,0,https://www.quora.com/Why-are-critics-accusing-Malaysias-government-of-pushing-Prime-Minister-Anwar-Ibrahim-to-align-with-the-right-politically,Malaysia
What-did-Ahmat-Adam-the-Malaysian-professor-emeritus-say-about-misleading-historical-narratives-and-why-is-this-significant,"What did Ahmat Adam, the Malaysian professor emeritus, say about misleading historical narratives, and why is this significant?",TVPiles,QuoraUser,0,https://www.quora.com/What-did-Ahmat-Adam-the-Malaysian-professor-emeritus-say-about-misleading-historical-narratives-and-why-is-this-significant,Malaysia
What-is-Kampung-spirit-in-Malaysia-and-how-does-it-affect-daily-life-for-both-locals-and-expats,"What is “Kampung spirit” in Malaysia, and how does it affect daily life for both locals and expats?",Andrew Long,QuoraUser,0,https://www.quora.com/What-is-Kampung-spirit-in-Malaysia-and-how-does-it-affect-daily-life-for-both-locals-and-expats,Malaysia
In-Malaysia-how-do-I-check-whether-the-police-had-taken-action-against-the-dog-owner-who-has-bitten-me,"In Malaysia, how do I check whether the police had taken action against the dog owner who has bitten me?",Jay Crawford,QuoraUser,0,https://www.quora.com/In-Malaysia-how-do-I-check-whether-the-police-had-taken-action-against-the-dog-owner-who-has-bitten-me,Malaysia
I-m-a-Curriculum-designer-for-a-start-up-company-in-Malaysia-I-help-design-curate-a-play-based-financial-literacy-curriculum-for-preschoolers-aged-4-to-6-How-can-I-make-our-curriculum-unique-to-attract-preschools-to,I’m a Curriculum designer for a start up company in Malaysia. I help design & curate a play-based financial literacy curriculum for preschoolers aged 4 to 6. How can I make our curriculum unique to attract preschools to work in partnership with us?,Erin Kenney Molloy,QuoraUser,0,https://www.quora.com/I-m-a-Curriculum-designer-for-a-start-up-company-in-Malaysia-I-help-design-curate-a-play-based-financial-literacy-curriculum-for-preschoolers-aged-4-to-6-How-can-I-make-our-curriculum-unique-to-attract-preschools-to,Malaysia
Is-a-gun-culture-spreading-to-Malaysia,Is a gun culture spreading to Malaysia?,Jim Hammond,QuoraUser,0,https://www.quora.com/Is-a-gun-culture-spreading-to-Malaysia,Malaysia
Does-people-in-Malaysia-are-not-affected-by-medical-inflation-here-or-am-I-just-not-seeing-enough-Cause-I-ve-been-seeing-my-friends-and-closest-relatives-getting-admitted-to-private-hospitals-more-than-government,Does people in Malaysia are not affected by medical inflation here or am I just not seeing enough? Cause I’ve been seeing my friends and closest relatives getting admitted to private hospitals more than government hospitals.,Johannes W. van der Spek,QuoraUser,0,https://www.quora.com/Does-people-in-Malaysia-are-not-affected-by-medical-inflation-here-or-am-I-just-not-seeing-enough-Cause-I-ve-been-seeing-my-friends-and-closest-relatives-getting-admitted-to-private-hospitals-more-than-government,Malaysia
As-a-Malaysian-can-I-own-two-Malaysian-passports-If-yes-can-I-just-do-it-if-I-want-to-or-do-I-need-to-be-in-a-certain-situation-to-do-so-Please-give-me-some-answers,"As a Malaysian, can I own two Malaysian passports? If yes, can I just do it if I want to or do I need to be in a certain situation to do so? Please give me some answers!",Mohan,QuoraUser,0,https://www.quora.com/As-a-Malaysian-can-I-own-two-Malaysian-passports-If-yes-can-I-just-do-it-if-I-want-to-or-do-I-need-to-be-in-a-certain-situation-to-do-so-Please-give-me-some-answers,Malaysia
Where-can-I-get-a-new-passport-for-my-Chinese-partner-here-in-Malaysia-He-has-a-passport-but-it-has-1-page-crushing,Where can I get a new passport for my Chinese partner here in Malaysia? He has a passport but it has 1 page crushing.,Jeff Lee ( 李 国 耀 ),QuoraUser,0,https://www.quora.com/Where-can-I-get-a-new-passport-for-my-Chinese-partner-here-in-Malaysia-He-has-a-passport-but-it-has-1-page-crushing,Malaysia
What-role-does-the-agricultural-sector-play-in-Vietnams-economy-and-how-does-it-compare-to-other-nations-like-Thailand-and-Malaysia,"What role does the agricultural sector play in Vietnam's economy, and how does it compare to other nations like Thailand and Malaysia?",Mark,QuoraUser,0,https://www.quora.com/What-role-does-the-agricultural-sector-play-in-Vietnams-economy-and-how-does-it-compare-to-other-nations-like-Thailand-and-Malaysia,Malaysia
What-do-you-think-of-Nam-Cheong-the-Malaysia-based-shipbuilder-that-reported-earnings-of-RM45-8m-for-the-third-quarter-ended-September-30,"What do you think of Nam Cheong, the Malaysia-based shipbuilder that reported earnings of RM45.8m for the third quarter ended September 30?",Graham Dawson,QuoraUser,0,https://www.quora.com/What-do-you-think-of-Nam-Cheong-the-Malaysia-based-shipbuilder-that-reported-earnings-of-RM45-8m-for-the-third-quarter-ended-September-30,Malaysia
Why-does-the-Malaysian-Government-persist-in-making-unrealistic-growth-forecasts,Why does the Malaysian Government persist in making unrealistic growth forecasts?,Che Art,QuoraUser,0,https://www.quora.com/Why-does-the-Malaysian-Government-persist-in-making-unrealistic-growth-forecasts,Malaysia
Should-The-1975-be-banned-from-performing-in-Malaysia-for-Matty-Healy-kissing-George-Daniel-on-the-mouth,Should The 1975 be banned from performing in Malaysia for Matty Healy kissing George Daniel on the mouth?,Skip Shekhani,QuoraUser,0,https://www.quora.com/Should-The-1975-be-banned-from-performing-in-Malaysia-for-Matty-Healy-kissing-George-Daniel-on-the-mouth,Malaysia
What-other-creative-methods-could-Malaysias-Anti-Corruption-Commission-use-to-discourage-corruption-among-Malaysian-preschoolers,What other creative methods could Malaysia's Anti-Corruption Commission use to discourage corruption among Malaysian preschoolers?,Rhizbi Mount,QuoraUser,0,https://www.quora.com/What-other-creative-methods-could-Malaysias-Anti-Corruption-Commission-use-to-discourage-corruption-among-Malaysian-preschoolers,Malaysia
What-do-you-think-will-happen-if-rice-supplies-run-out-in-Malaysia,What do you think will happen if rice supplies run out in Malaysia?,Beverly Arnold,QuoraUser,0,https://www.quora.com/What-do-you-think-will-happen-if-rice-supplies-run-out-in-Malaysia,Malaysia
In-Selangor-there-are-restrictions-for-condo-owners-to-own-only-one-car-If-they-own-other-cars-they-must-simply-park-outside-in-the-dark-What-do-you-suggest-to-take-care-of-such-problems,"In Selangor, there are restrictions for condo owners to own only one car. If they own other cars, they must simply park outside in the dark. What do you suggest to take care of such problems?",Roger Fentiman,QuoraUser,0,https://www.quora.com/In-Selangor-there-are-restrictions-for-condo-owners-to-own-only-one-car-If-they-own-other-cars-they-must-simply-park-outside-in-the-dark-What-do-you-suggest-to-take-care-of-such-problems,Malaysia
What-are-some-authentic-Malacca-Peranakan-dishes-to-try-in-Malaysia,What are some authentic Malacca Peranakan dishes to try in Malaysia?,Chris Robinson,QuoraUser,0,https://www.quora.com/What-are-some-authentic-Malacca-Peranakan-dishes-to-try-in-Malaysia,Malaysia
Will-people-in-Sabah-loot-and-riot-over-bully-issue-and-the-case-management-similar-to-Makassar-sulaweis,Will people in Sabah loot and riot over bully issue and the case management similar to Makassar sulaweis?,VS Param,QuoraUser,0,https://www.quora.com/Will-people-in-Sabah-loot-and-riot-over-bully-issue-and-the-case-management-similar-to-Makassar-sulaweis,Malaysia
PAS-politician-Zaharudin-Muhammad-warns-that-the-appointment-of-Johnny-Lim-Eng-Seng-as-the-first-Malaysian-Chinese-Lieutenant-General-in-Malaysian-history-will-inevitably-lead-to-a-Malaysian-Chinese-PM-Do-you-agree,PAS politician Zaharudin Muhammad warns that the appointment of Johnny Lim Eng Seng as the first Malaysian Chinese Lieutenant General in Malaysian history will inevitably lead to a Malaysian Chinese PM. Do you agree with Zaharudin?,Suthan Mookaiah,QuoraUser,0,https://www.quora.com/PAS-politician-Zaharudin-Muhammad-warns-that-the-appointment-of-Johnny-Lim-Eng-Seng-as-the-first-Malaysian-Chinese-Lieutenant-General-in-Malaysian-history-will-inevitably-lead-to-a-Malaysian-Chinese-PM-Do-you-agree,Malaysia
Why-is-it-significant-that-Malays-in-Malaysia-are-embracing-Lunar-New-Year-by-giving-hongbao-and-dressing-up-in-traditional-Chinese-attire,Why is it significant that Malays in Malaysia are embracing Lunar New Year by giving hongbao and dressing up in traditional Chinese attire?,Jimme Tan,QuoraUser,0,https://www.quora.com/Why-is-it-significant-that-Malays-in-Malaysia-are-embracing-Lunar-New-Year-by-giving-hongbao-and-dressing-up-in-traditional-Chinese-attire,Malaysia
What-sort-of-actions-will-Asia-Cup-contribute-in-Malaysias-national-teams-suspension,What sort of actions will Asia Cup contribute in Malaysia's national team's suspension?,Rossana.Entura.Thåk,QuoraUser,0,https://www.quora.com/What-sort-of-actions-will-Asia-Cup-contribute-in-Malaysias-national-teams-suspension,Malaysia
Why-are-one-in-three-Malaysian-children-overweight,Why are one in three Malaysian children overweight?,Henry,QuoraUser,0,https://www.quora.com/Why-are-one-in-three-Malaysian-children-overweight,Malaysia
Mahathir-says-that-Today-the-Malays-have-already-lost-half-of-their-power-Do-you-agree-with-Mahathir-that-the-Malays-have-already-lost-half-of-their-power-as-of-today-4-Jun-2025,"Mahathir says that “Today, the Malays have already lost half of their power.” Do you agree with Mahathir that the Malays have already lost half of their power as of today (4 Jun 2025)?",Ooi CG 黄再业,QuoraUser,0,https://www.quora.com/Mahathir-says-that-Today-the-Malays-have-already-lost-half-of-their-power-Do-you-agree-with-Mahathir-that-the-Malays-have-already-lost-half-of-their-power-as-of-today-4-Jun-2025,Malaysia
Why-is-local-food-in-Malaysia-so-affordable-and-what-are-some-must-try-dishes-for-visitors-wanting-an-authentic-experience,"Why is local food in Malaysia so affordable, and what are some must-try dishes for visitors wanting an authentic experience?",Axet,QuoraUser,0,https://www.quora.com/Why-is-local-food-in-Malaysia-so-affordable-and-what-are-some-must-try-dishes-for-visitors-wanting-an-authentic-experience,Malaysia
What-should-be-done-to-prevent-double-parking-in-commercial-areas-in-Malaysia,What should be done to prevent double parking in commercial areas in Malaysia?,Michael Craddock,QuoraUser,0,https://www.quora.com/What-should-be-done-to-prevent-double-parking-in-commercial-areas-in-Malaysia,Malaysia
Which-tectonic-plate-and-fault-is-Malaysia-located-on-Additionally-which-other-plates-and-faults-are-nearby,"Which tectonic plate and fault is Malaysia located on? Additionally, which other plates and faults are nearby?",Martha Kirtley,QuoraUser,0,https://www.quora.com/Which-tectonic-plate-and-fault-is-Malaysia-located-on-Additionally-which-other-plates-and-faults-are-nearby,Malaysia
I-have-some-Malaysian-1988-20-cents-coin-What-is-the-numerical-value,I have some Malaysian 1988 20 cents coin. What is the numerical value?,Skip Shekhani,QuoraUser,0,https://www.quora.com/I-have-some-Malaysian-1988-20-cents-coin-What-is-the-numerical-value,Malaysia
How-do-I-get-igaming-traffic,How do I get igaming traffic?,Arlo Fletcher,QuoraUser,0,https://www.quora.com/How-do-I-get-igaming-traffic,iGaming
Is-the-Bethive-online-casino-platform-legit,Is the Bethive online casino platform legit?,Luke. E. E.,QuoraUser,0,https://www.quora.com/Is-the-Bethive-online-casino-platform-legit,iGaming
Im-curious-which-online-casinos-do-you-like-and-why,"I'm curious, which online casinos do you like, and why?",Nonkululeko Mkhize,QuoraUser,0,https://www.quora.com/Im-curious-which-online-casinos-do-you-like-and-why,iGaming
What-is-B2B-iGaming,What is B2B iGaming?,OpenBlueprint,QuoraUser,0,https://www.quora.com/What-is-B2B-iGaming,iGaming
Are-you-still-interested-in-an-online-casino-operation,Are you still interested in an online casino operation?,Maura Rudd,QuoraUser,0,https://www.quora.com/Are-you-still-interested-in-an-online-casino-operation,iGaming
What-is-the-future-of-iGaming-in-virtual-reality,What is the future of iGaming in virtual reality?,Deepthi Jadhav,QuoraUser,0,https://www.quora.com/What-is-the-future-of-iGaming-in-virtual-reality,iGaming
Will-mobile-casinos-eventually-dominate-the-iGaming-sector,Will mobile casinos eventually dominate the iGaming sector?,Marie Mortensen,QuoraUser,0,https://www.quora.com/Will-mobile-casinos-eventually-dominate-the-iGaming-sector,iGaming
How-do-you-launch-your-own-online-iGaming-fast-affordable-and-hassle-free,"How do you launch your own online iGaming fast, affordable, and hassle-free?",Grayson Kyando,QuoraUser,0,https://www.quora.com/How-do-you-launch-your-own-online-iGaming-fast-affordable-and-hassle-free,iGaming
What-are-some-online-betting-websites-that-offer-bonuses-without-requiring-a-deposit,What are some online betting websites that offer bonuses without requiring a deposit?,Dor,QuoraUser,0,https://www.quora.com/What-are-some-online-betting-websites-that-offer-bonuses-without-requiring-a-deposit,Online-Gambling
What-are-the-best-real-correct-score-sites,What are the best real correct score sites?,Jeric Ilagan,QuoraUser,0,https://www.quora.com/What-are-the-best-real-correct-score-sites,Online-Gambling
Is-Crorebet-legit-for-online-betting,Is Crorebet legit for online betting?,Yallu Yallurn,QuoraUser,0,https://www.quora.com/Is-Crorebet-legit-for-online-betting,Online-Gambling
Is-Fun1Win-a-real-or-fake-gambling-site,Is Fun1Win a real or fake gambling site?,Skip Shekhani,QuoraUser,0,https://www.quora.com/Is-Fun1Win-a-real-or-fake-gambling-site,Online-Gambling
Is-1xbet-in-Indonesia-really-safe-or-are-the-scam-rumors-true,Is 1xbet in Indonesia really safe or are the scam rumors true?,Fajar Nugroho,QuoraUser,0,https://www.quora.com/Is-1xbet-in-Indonesia-really-safe-or-are-the-scam-rumors-true,Online-Gambling
Does-CosmicSlot-ban-players-for-using-a-VPN-to-access-restricted-providers,Does CosmicSlot ban players for using a VPN to access restricted providers?,Esad Aaegsrg,QuoraUser,0,https://www.quora.com/Does-CosmicSlot-ban-players-for-using-a-VPN-to-access-restricted-providers,Online-Gambling
What-games-are-usually-included-in-Cloudbet-free-spins-promos,What games are usually included in Cloudbet free spins promos?,Jeric Ilagan,QuoraUser,0,https://www.quora.com/What-games-are-usually-included-in-Cloudbet-free-spins-promos,Online-Gambling
Can-I-combine-the-models-three-picks-into-a-Monday-parlay-at-DraftKings-for-a-payout-of-914,Can I combine the model's three picks into a Monday parlay at DraftKings for a payout of +914?,Andrew Long,QuoraUser,0,https://www.quora.com/Can-I-combine-the-models-three-picks-into-a-Monday-parlay-at-DraftKings-for-a-payout-of-914,Online-Gambling
What-is-a-slot-or-bet-game-website,What is a slot or bet game website?,Skip Shekhani,QuoraUser,0,https://www.quora.com/What-is-a-slot-or-bet-game-website,Online-Gambling
Is-viking-bet-a-legit-betting-site,Is viking bet a legit betting site?,Linnea Virtanen,QuoraUser,0,https://www.quora.com/Is-viking-bet-a-legit-betting-site,Online-Gambling
How-many-minutes-does-1xbet-withdrawal-take,How many minutes does 1xbet withdrawal take?,Thanawat Chaiyapong,QuoraUser,0,https://www.quora.com/How-many-minutes-does-1xbet-withdrawal-take,Online-Gambling
What-is-Pmbet-co-tz,What is Pmbet.co.tz?,Jeric Ilagan,QuoraUser,0,https://www.quora.com/What-is-Pmbet-co-tz,Online-Gambling
Does-anyone-seen-real-1xBet-Singapore-reviews-on-Trustpilot,Does anyone seen real 1xBet Singapore reviews on Trustpilot?,Kelvin Chua,QuoraUser,0,https://www.quora.com/Does-anyone-seen-real-1xBet-Singapore-reviews-on-Trustpilot,Online-Gambling
Is-1xBet-legal-or-not-in-Pakistan,Is 1xBet legal or not in Pakistan?,Bilal Malik,QuoraUser,0,https://www.quora.com/Is-1xBet-legal-or-not-in-Pakistan,Online-Gambling
How-do-I-get-codes-on-SportyBet,How do I get codes on SportyBet?,Skip Shekhani,QuoraUser,0,https://www.quora.com/How-do-I-get-codes-on-SportyBet,Online-Gambling
Did-you-know-Elite-Stake-from-Curacao,Did you know Elite Stake from Curacao?,Phillip Johnson,QuoraUser,0,https://www.quora.com/Did-you-know-Elite-Stake-from-Curacao,Online-Gambling
How-do-I-hack-1XBET-in-Aviator,How do I hack 1XBET in Aviator?,Jeric Ilagan,QuoraUser,0,https://www.quora.com/How-do-I-hack-1XBET-in-Aviator,Online-Gambling
Are-there-any-1xBet-Singapore-reviews-on-Trustpilot,Are there any 1xBet Singapore reviews on Trustpilot?,Ryan Ong,QuoraUser,0,https://www.quora.com/Are-there-any-1xBet-Singapore-reviews-on-Trustpilot,Online-Gambling
What-are-the-CBS-promo-codes-for-Bet365-DraftKings-FanDuel-and-Caesars-Sportsbook,"What are the CBS promo codes for Bet365, DraftKings, FanDuel, and Caesars Sportsbook?",Andrew Long,QuoraUser,0,https://www.quora.com/What-are-the-CBS-promo-codes-for-Bet365-DraftKings-FanDuel-and-Caesars-Sportsbook,Online-Gambling
What-do-you-think-about-the-recommendation-link-for-a-trusted-game-online-website-similar-to-Jaya66,What do you think about the recommendation link for a trusted game online website similar to Jaya66?,Seth Carlow,QuoraUser,0,https://www.quora.com/What-do-you-think-about-the-recommendation-link-for-a-trusted-game-online-website-similar-to-Jaya66,Online-Gambling
Why-is-it-difficult-to-withdraw-from-1xBet-and-how-can-you-overcome-these-challenges,"Why is it difficult to withdraw from 1xBet, and how can you overcome these challenges?",Skip Shekhani,QuoraUser,0,https://www.quora.com/Why-is-it-difficult-to-withdraw-from-1xBet-and-how-can-you-overcome-these-challenges,Online-Gambling
Is-1xBet-a-legit-website-in-the-Philippines,Is 1xBet a legit website in the Philippines?,Dennis Cruz,QuoraUser,0,https://www.quora.com/Is-1xBet-a-legit-website-in-the-Philippines,Online-Gambling
Are-certain-roulette-strategies-actually-worth-trying-online,Are certain roulette strategies actually worth trying online?,Jeric Ilagan,QuoraUser,0,https://www.quora.com/Are-certain-roulette-strategies-actually-worth-trying-online,Online-Gambling
What-is-the-best-Teen-Patti-game-to-earn-real-money-in-Pakistan,What is the best Teen Patti game to earn real money in Pakistan?,Saman Raees,QuoraUser,0,https://www.quora.com/What-is-the-best-Teen-Patti-game-to-earn-real-money-in-Pakistan,Online-Gambling
Are-there-any-limit-to-the-bonuses-a-user-can-receive-on-Cloudbet,Are there any limit to the bonuses a user can receive on Cloudbet?,Phillip Johnson,QuoraUser,0,https://www.quora.com/Are-there-any-limit-to-the-bonuses-a-user-can-receive-on-Cloudbet,Online-Gambling
How-will-Australian-gambling-operators-be-affected-by-the-governments-response-to-the-Murphy-report,How will Australian gambling operators be affected by the government's response to the Murphy report?,Howard Coombe,QuoraUser,0,https://www.quora.com/How-will-Australian-gambling-operators-be-affected-by-the-governments-response-to-the-Murphy-report,Online-Gambling
Is-1xBet-a-genuine-betting-market,Is 1xBet a genuine betting market?,Mandela,QuoraUser,0,https://www.quora.com/Is-1xBet-a-genuine-betting-market,Online-Gambling
How-can-I-work-and-get-money-online-in-Malaysia,How can I work and get money online in Malaysia?,Imon Khan,QuoraUser,0,https://www.quora.com/How-can-I-work-and-get-money-online-in-Malaysia,Making-Money-Online-in-Malaysia
